<?xml version="1.0" encoding="UTF-8"?>
<project-private xmlns="http://www.netbeans.org/ns/project-private/1">
    <editor-bookmarks xmlns="http://www.netbeans.org/ns/editor-bookmarks/2" lastBookmarkId="0"/>
    <open-files xmlns="http://www.netbeans.org/ns/projectui-open-files/2">
        <group>
            <file>file:/C:/Users/konim/OneDrive/Desktop/gtihub%20upload%20tutorial/PROG%206112%20Assignment%201/src/prog/pkg6112/assignment/pkg1/QuestionTwo.java</file>
            <file>file:/C:/Users/konim/OneDrive/Desktop/gtihub%20upload%20tutorial/PROG%206112%20Assignment%201/test/prog/pkg6112/assignment/pkg1/StudentTest.java</file>
            <file>file:/C:/Users/konim/OneDrive/Desktop/gtihub%20upload%20tutorial/PROG%206112%20Assignment%201/src/prog/pkg6112/assignment/pkg1/Student.java</file>
            <file>file:/C:/Users/konim/OneDrive/Desktop/gtihub%20upload%20tutorial/PROG%206112%20Assignment%201/src/prog/pkg6112/assignment/pkg1/PROG6112Assignment1.java</file>
        </group>
    </open-files>
</project-private>
